<?xml version="1.0" encoding="UTF-8"?>
<project-private xmlns="http://www.netbeans.org/ns/project-private/1">
    <editor-bookmarks xmlns="http://www.netbeans.org/ns/editor-bookmarks/2" lastBookmarkId="0"/>
    <open-files xmlns="http://www.netbeans.org/ns/projectui-open-files/2">
        <group>
            <file>file:/C:/Users/LIO%20SYAFRIZA/Downloads/db_cafe/src/db_cafe/kelolaproduk.java</file>
            <file>file:/C:/Users/LIO%20SYAFRIZA/Downloads/db_cafe/src/db_cafe/transaksi.java</file>
            <file>file:/C:/Users/LIO%20SYAFRIZA/Downloads/db_cafe/src/db_cafe/menu.java</file>
            <file>file:/C:/Users/LIO%20SYAFRIZA/Downloads/db_cafe/src/db_cafe/Daftar.java</file>
            <file>file:/C:/Users/LIO%20SYAFRIZA/Downloads/db_cafe/src/db_cafe/Stok.java</file>
        </group>
    </open-files>
</project-private>
